metric,value,share_of_identifiable_revenue
first_order_revenue,1846498.003,0.2072060916627075
repeat_order_revenue,7064909.901,0.7927939083372926
one_time_customer_revenue,616311.731,0.0691598608928405
repeat_customer_revenue,8295096.173,0.9308401391071596
